,depth,temp,salinity,EC,EC25,Density,sigmaT,Chl-Flu,Chl-a,dakudo,DO%,DOmg,V,No
0,0.0,6.605,0.0,-0.006,-10.673,999.921,-0.079,1.55,1.55,244.52,99.88,12.208,8.27,0.0
1,0.1,6.061,0.0,-0.007,-11.598,999.942,-0.059,3.57,3.57,13.3,100.0,12.244,8.24,0.0
2,0.2,5.951,0.0,-0.007,-12.035,999.945,-0.055,3.52,3.52,11.97,100.12,12.261,8.24,0.0
3,0.3,5.684,0.0,-0.005,-9.3,999.954,-0.048,0.46,0.46,372.48,99.18,12.137,8.19,0.0
4,0.4,5.565,0.304,0.395,689.33,1000.201,0.199,3.38,3.38,8.66,105.44,13.215,8.2,0.0
5,0.5,5.581,0.304,0.395,689.263,1000.201,0.198,3.76,3.76,8.26,106.34,13.325,8.18,0.0
6,0.6,5.567,0.304,0.395,689.906,1000.202,0.199,4.19,4.19,11.07,107.04,13.409,8.18,0.0
7,0.7,5.56,0.304,0.395,689.532,1000.202,0.199,4.3,4.3,11.41,107.17,13.427,8.18,0.0
8,0.8,5.557,0.304,0.394,688.857,1000.203,0.199,4.32,4.32,8.28,107.46,13.475,8.18,0.0
9,0.9,5.547,0.303,0.394,688.348,1000.203,0.199,4.86,4.86,8.02,107.66,13.506,8.18,0.0
10,1.0,5.528,0.304,0.394,689.062,1000.204,0.199,5.23,5.23,8.77,107.77,13.528,8.18,0.0
11,1.1,5.517,0.303,0.394,688.875,1000.205,0.2,6.71,6.71,17.2,107.96,13.556,8.18,0.0
12,0.0,5.39,0.0,-0.008,-13.661,999.959,-0.041,17.42,17.42,235.78,110.17,13.894,8.25,1.0
13,0.1,5.542,0.0,-0.002,-3.254,999.956,-0.044,0.0,0.0,1.06,101.58,12.369,8.2,1.0
14,0.2,5.544,0.028,0.039,67.423,999.979,-0.022,1.25,1.25,18.87,101.01,12.288,8.18,1.0
15,0.3,5.518,0.307,0.398,695.923,1000.204,0.202,2.85,2.85,12.84,99.81,12.116,8.19,1.0
16,0.4,5.492,0.085,0.114,199.744,1000.027,0.025,2.92,2.92,7.91,99.7,12.111,8.19,1.0
17,0.5,5.474,0.0,-0.005,-8.403,999.96,-0.043,3.38,3.38,7.09,99.28,12.059,8.18,1.0
18,0.6,5.465,0.0,-0.004,-7.357,999.961,-0.042,1.35,1.35,4.05,99.07,12.021,8.19,1.0
19,0.7,5.44,0.053,0.072,126.428,1000.004,0.001,1.09,1.09,189.36,97.83,11.802,8.19,1.0
20,0.8,5.446,0.005,0.005,9.255,999.966,-0.038,2.57,2.57,63.63,97.64,11.778,8.18,1.0
21,0.9,5.451,0.005,0.006,10.266,999.967,-0.038,2.87,2.87,19.34,97.42,11.745,8.18,1.0
22,1.0,5.405,0.303,0.392,689.168,1000.207,0.202,4.74,4.74,7.19,106.71,13.437,8.18,1.0
23,1.1,5.322,0.303,0.391,689.861,1000.209,0.204,4.98,4.98,7.33,106.91,13.482,8.18,1.0
24,1.2,5.262,0.302,0.389,687.298,1000.21,0.204,5.27,5.27,7.33,107.02,13.51,8.18,1.0
25,1.3,5.143,0.303,0.389,690.657,1000.214,0.207,5.42,5.42,7.49,107.07,13.536,8.18,1.0
26,1.4,4.981,0.301,0.384,686.568,1000.215,0.208,6.61,6.61,7.92,107.37,13.654,8.18,1.0
27,1.5,4.838,0.301,0.383,688.853,1000.219,0.211,8.07,8.07,9.22,107.22,13.698,8.18,1.0
28,1.6,4.738,0.314,0.398,718.804,1000.231,0.223,75.53,75.53,97.28,107.05,13.725,8.18,1.0
29,0.0,5.398,0.785,0.977,1717.017,1000.587,0.587,2.73,2.73,6.6,107.98,13.593,8.26,2.0
30,0.1,4.959,0.302,0.385,688.82,1000.21,0.21,5.25,5.25,7.28,107.68,13.72,8.19,2.0
31,0.2,4.816,0.302,0.384,691.019,1000.213,0.212,5.54,5.54,7.15,107.31,13.72,8.18,2.0
32,0.3,4.783,0.303,0.385,692.639,1000.215,0.213,5.72,5.72,7.11,107.1,13.703,8.18,2.0
33,0.4,4.775,0.302,0.384,692.157,1000.215,0.213,5.82,5.82,7.28,107.02,13.702,8.18,2.0
34,0.5,4.735,0.302,0.384,692.346,1000.216,0.213,6.02,6.02,7.38,107.06,13.729,8.18,2.0
35,0.6,4.725,0.302,0.383,691.714,1000.216,0.213,6.68,6.68,7.92,106.91,13.711,8.18,2.0
36,0.7,4.578,0.315,0.398,722.224,1000.229,0.226,122.22,122.22,138.02,106.87,13.751,8.18,2.0
37,0.0,5.328,0.008,0.01,17.886,999.967,-0.033,0.83,0.83,2.49,100.06,12.609,8.25,3.0
38,0.1,5.464,0.209,0.275,481.461,1000.126,0.125,4.96,4.96,537.97,99.33,12.485,8.18,3.0
39,0.2,5.482,0.359,0.462,809.172,1000.245,0.244,3.93,3.93,122.84,99.12,12.456,8.18,3.0
40,0.3,5.509,0.372,0.479,838.87,1000.256,0.255,3.13,3.13,33.64,99.19,12.474,8.19,3.0
41,0.4,5.273,0.303,0.391,690.293,1000.207,0.205,4.37,4.37,8.84,102.05,12.904,8.19,3.0
42,0.5,5.179,0.301,0.387,685.508,1000.207,0.205,6.95,6.95,12.23,102.55,13.017,8.18,3.0
43,0.6,5.02,0.302,0.387,690.464,1000.212,0.209,9.52,9.52,17.26,102.59,13.077,8.18,3.0
44,0.7,4.962,0.304,0.388,693.454,1000.215,0.211,9.23,9.23,17.66,102.69,13.088,8.18,3.0
45,0.8,5.002,0.304,0.388,693.015,1000.214,0.21,6.87,6.87,12.41,103.05,13.12,8.17,3.0
46,0.9,4.98,0.304,0.388,694.124,1000.216,0.211,9.41,9.41,22.81,103.79,13.202,8.16,3.0
47,1.0,5.111,0.303,0.389,691.883,1000.213,0.208,10.5,10.5,25.03,104.91,13.322,8.16,3.0
48,1.1,5.035,0.305,0.39,695.925,1000.216,0.211,18.36,18.36,57.46,105.33,13.402,8.18,3.0
49,1.2,5.141,0.309,0.397,704.144,1000.218,0.212,21.08,21.08,82.54,106.04,13.454,8.16,3.0
50,0.0,5.166,0.006,0.006,11.343,999.968,-0.032,-0.04,-0.04,2.21,98.6,12.392,8.26,4.0
51,0.1,5.15,0.0,-0.006,-10.431,999.965,-0.036,-0.03,-0.03,0.1,97.5,12.278,8.21,4.0
52,0.2,5.133,0.0,-0.006,-11.148,999.965,-0.036,1.44,1.44,25.79,97.43,12.267,8.17,4.0
53,0.3,5.118,0.0,-0.009,-15.915,999.966,-0.035,3.09,3.09,13.73,97.2,12.241,8.2,4.0
54,0.4,5.144,0.0,-0.007,-12.178,999.966,-0.036,3.0,3.0,8.07,97.16,12.248,8.2,4.0
55,0.5,5.185,0.0,-0.009,-16.369,999.966,-0.036,2.98,2.98,7.31,97.26,12.268,8.19,4.0
56,0.6,5.245,0.0,-0.009,-15.927,999.965,-0.038,3.0,3.0,7.25,97.34,12.282,8.2,4.0
57,0.7,5.284,0.0,-0.003,-5.562,999.965,-0.038,3.01,3.01,7.14,97.39,12.29,8.19,4.0
58,0.8,5.306,0.0,-0.003,-6.103,999.965,-0.039,3.0,3.0,7.08,97.49,12.303,8.19,4.0
59,0.9,5.321,0.0,-0.006,-9.854,999.965,-0.039,2.97,2.97,7.05,97.66,12.325,8.2,4.0
60,1.0,5.329,0.0,-0.004,-7.302,999.966,-0.039,2.98,2.98,6.98,97.75,12.338,8.18,4.0
61,0.0,4.662,0.0,-0.008,-13.687,999.971,-0.029,-0.15,-0.15,-0.11,94.72,11.871,8.26,5.0
62,0.1,4.439,0.002,0.001,2.128,999.975,-0.025,-0.28,-0.28,22.94,95.71,12.094,8.17,5.0
63,0.0,4.521,0.0,-0.007,-12.806,999.973,-0.027,10.59,10.59,2.03,95.46,12.072,8.25,6.0
64,0.1,4.787,0.614,0.759,1366.631,1000.463,0.463,3.47,3.47,98.83,96.23,12.101,8.16,6.0
65,0.0,6.22,0.303,0.401,683.608,1000.178,0.178,2.86,2.86,7.31,111.78,13.855,8.25,7.0
66,0.1,5.662,0.303,0.395,687.514,1000.196,0.196,6.69,6.69,34.56,111.7,13.96,8.17,7.0
67,0.0,7.008,0.304,0.411,679.871,1000.146,0.146,3.34,3.34,8.07,115.73,14.0,8.25,8.0
68,0.1,6.953,0.304,0.41,680.6,1000.149,0.149,13.21,13.21,82.87,116.89,14.145,8.18,8.0
69,0.0,5.528,0.526,0.669,1169.615,1000.377,0.377,3.37,3.37,6.95,102.57,12.851,8.25,9.0
70,0.1,5.555,0.303,0.394,688.53,1000.199,0.199,3.85,3.85,7.8,107.28,13.459,8.16,9.0
71,0.2,5.54,0.303,0.394,688.303,1000.2,0.199,5.86,5.86,18.64,107.42,13.483,8.16,9.0
72,0.3,5.556,0.303,0.394,688.655,1000.2,0.199,13.33,13.33,107.79,108.02,13.563,8.15,9.0
73,0.4,5.547,0.303,0.393,687.592,1000.2,0.198,9.8,9.8,92.65,108.39,13.604,8.16,9.0
74,0.0,5.975,0.303,0.398,684.474,1000.186,0.186,2.89,2.89,6.91,111.3,13.806,8.26,10.0
75,0.1,5.809,0.303,0.396,686.234,1000.192,0.191,3.48,3.48,7.43,110.81,13.804,8.15,10.0
76,0.2,5.726,0.304,0.396,687.902,1000.195,0.194,4.54,4.54,7.69,111.08,13.851,8.16,10.0
77,0.3,5.553,0.302,0.392,685.098,1000.199,0.197,4.78,4.78,7.74,110.77,13.92,8.16,10.0
78,0.4,5.312,0.303,0.391,689.989,1000.206,0.204,4.83,4.83,7.57,110.34,13.95,8.16,10.0
79,0.5,5.287,0.303,0.39,689.102,1000.207,0.204,6.12,6.12,9.63,109.94,13.913,8.16,10.0
80,0.6,5.253,0.304,0.391,691.773,1000.209,0.206,6.4,6.4,11.93,109.93,13.894,8.15,10.0
81,0.7,5.23,0.303,0.39,689.461,1000.209,0.206,6.62,6.62,13.73,109.89,13.919,8.16,10.0
82,0.8,5.225,0.304,0.392,693.103,1000.211,0.207,6.4,6.4,14.31,109.63,13.891,8.17,10.0
83,0.9,5.323,0.303,0.391,688.985,1000.208,0.204,6.31,6.31,13.74,109.76,13.853,8.16,10.0
84,1.0,5.316,0.303,0.391,688.972,1000.209,0.204,6.95,6.95,16.15,109.77,13.856,8.16,10.0
85,1.1,5.181,0.301,0.387,686.684,1000.211,0.205,10.31,10.31,24.99,109.89,13.946,8.16,10.0
86,1.2,5.09,0.303,0.389,691.888,1000.215,0.209,8.79,8.79,20.66,109.47,13.922,8.17,10.0
87,1.3,5.066,0.303,0.389,692.126,1000.216,0.209,11.5,11.5,23.86,109.08,13.871,8.16,10.0
88,0.0,6.041,0.303,0.399,684.377,1000.184,0.184,3.15,3.15,6.9,112.65,13.957,8.24,11.0
89,0.1,6.049,0.303,0.399,684.254,1000.184,0.184,3.35,3.35,7.16,113.34,14.047,8.16,11.0
90,0.2,5.975,0.303,0.398,684.315,1000.187,0.186,3.55,3.55,7.04,112.99,14.031,8.16,11.0
91,0.3,5.921,0.303,0.398,685.37,1000.189,0.188,3.76,3.76,7.01,112.99,14.043,8.16,11.0
92,0.4,5.866,0.303,0.397,685.054,1000.191,0.189,4.45,4.45,7.29,113.08,14.089,8.16,11.0
93,0.5,5.671,0.302,0.394,684.833,1000.197,0.194,6.1,6.1,10.79,112.94,14.14,8.16,11.0
94,0.6,5.599,0.303,0.393,686.343,1000.2,0.197,7.16,7.16,13.22,112.63,14.125,8.16,11.0
95,0.7,5.482,0.302,0.392,686.497,1000.203,0.199,9.42,9.42,18.78,112.13,14.108,8.17,11.0
96,0.8,5.445,0.303,0.392,687.59,1000.205,0.201,8.97,8.97,16.96,111.73,14.066,8.14,11.0
97,0.9,5.423,0.303,0.392,688.022,1000.206,0.201,8.68,8.68,16.39,111.75,14.073,8.17,11.0
98,1.0,5.406,0.303,0.391,687.832,1000.206,0.202,8.86,8.86,14.05,111.59,14.058,8.16,11.0
99,1.1,5.384,0.302,0.391,687.566,1000.207,0.202,9.71,9.71,12.52,111.58,14.065,8.17,11.0
100,0.0,5.996,0.304,0.399,685.636,1000.186,0.186,2.91,2.91,6.5,109.92,13.649,8.24,12.0
101,0.1,6.02,0.303,0.399,684.934,1000.185,0.185,2.91,2.91,7.07,110.16,13.665,8.17,12.0
102,0.2,5.946,0.303,0.398,684.432,1000.188,0.187,3.33,3.33,6.94,110.44,13.73,8.17,12.0
103,0.3,5.808,0.303,0.396,685.695,1000.193,0.191,3.89,3.89,7.04,110.23,13.748,8.15,12.0
104,0.4,5.762,0.303,0.396,686.86,1000.195,0.193,4.31,4.31,7.11,110.09,13.742,8.16,12.0
105,0.5,5.729,0.303,0.396,687.306,1000.196,0.194,5.44,5.44,10.66,109.84,13.718,8.15,12.0
106,0.6,5.717,0.303,0.395,686.79,1000.197,0.194,9.35,9.35,29.49,109.9,13.727,8.16,12.0
107,0.7,5.713,0.303,0.395,686.83,1000.198,0.194,17.54,17.54,75.56,109.94,13.733,8.17,12.0
108,0.8,5.704,0.303,0.395,686.407,1000.198,0.194,15.62,15.62,60.68,109.87,13.732,8.17,12.0
109,0.0,5.797,0.0,-0.004,-7.457,999.949,-0.051,-0.11,-0.11,-0.04,106.06,13.262,8.24,13.0
110,0.1,5.246,0.544,0.684,1210.348,1000.399,0.398,1.7,1.7,4.86,96.95,12.136,8.16,13.0
111,0.2,5.341,0.0,-0.001,-1.956,999.961,-0.04,2.49,2.49,6.29,96.43,12.125,8.15,13.0
112,0.3,5.353,0.0,-0.005,-8.023,999.962,-0.04,2.6,2.6,6.29,96.46,12.121,8.16,13.0
113,0.4,5.355,0.007,0.008,14.347,999.968,-0.034,2.58,2.58,6.25,96.83,12.16,8.15,13.0
114,0.5,5.787,0.13,0.175,302.847,1000.056,0.054,-4.16,-4.16,2.13,105.56,13.156,8.15,13.0
115,0.6,5.841,0.303,0.397,686.073,1000.193,0.19,4.06,4.06,6.9,109.37,13.625,8.16,13.0
116,0.7,5.835,0.303,0.397,686.191,1000.194,0.191,4.41,4.41,6.97,109.54,13.647,8.15,13.0
117,0.8,5.815,0.303,0.397,686.277,1000.195,0.191,4.98,4.98,10.91,109.41,13.639,8.15,13.0
118,0.9,5.829,0.294,0.385,665.276,1000.188,0.183,0.93,0.93,11.89,109.63,13.649,8.16,13.0
119,0.0,6.078,0.303,0.4,684.9,1000.183,0.183,2.7,2.7,6.52,109.76,13.586,8.25,14.0
120,0.1,6.104,0.304,0.4,685.301,1000.183,0.182,2.86,2.86,7.15,109.67,13.56,8.15,14.0
121,0.2,6.099,0.304,0.4,684.912,1000.183,0.182,3.08,3.08,6.69,109.9,13.598,8.15,14.0
122,0.3,5.961,0.304,0.399,686.271,1000.189,0.187,3.98,3.98,6.94,110.18,13.683,8.15,14.0
123,0.4,5.897,0.303,0.397,684.095,1000.19,0.188,4.74,4.74,8.81,109.68,13.652,8.17,14.0
124,0.5,5.836,0.303,0.396,684.926,1000.193,0.19,12.16,12.16,59.25,109.9,13.701,8.15,14.0
125,0.6,5.806,0.303,0.396,685.474,1000.194,0.191,13.95,13.95,104.45,109.58,13.664,8.15,14.0
126,0.7,5.965,0.338,0.443,761.531,1000.218,0.215,10.58,10.58,72.71,110.3,13.669,8.17,14.0
127,0.0,5.904,0.303,0.398,685.803,1000.189,0.189,4.61,4.61,6.59,109.92,13.67,8.22,15.0
128,0.1,5.905,0.303,0.398,686.086,1000.189,0.189,4.65,4.65,6.66,110.06,13.69,8.15,15.0
129,0.2,5.876,0.303,0.397,685.556,1000.19,0.189,5.05,5.05,7.0,110.14,13.708,8.15,15.0
130,0.3,5.855,0.304,0.397,686.656,1000.192,0.19,5.56,5.56,7.02,110.01,13.705,8.15,15.0
131,0.4,5.822,0.303,0.397,686.237,1000.193,0.191,7.55,7.55,13.4,109.93,13.705,8.16,15.0
132,0.5,5.844,0.303,0.397,685.623,1000.193,0.19,8.51,8.51,20.3,110.12,13.714,8.14,15.0
133,0.6,5.828,0.303,0.397,685.968,1000.194,0.191,11.54,11.54,44.9,110.44,13.766,8.14,15.0
134,0.7,5.818,0.303,0.397,686.605,1000.195,0.191,14.63,14.63,63.46,110.45,13.762,8.15,15.0
135,0.8,5.814,0.303,0.396,685.322,1000.195,0.191,31.15,31.15,109.13,110.69,13.794,8.15,15.0
136,0.9,5.851,0.301,0.394,680.358,1000.193,0.188,51.61,51.61,212.19,106.32,13.245,8.14,15.0
137,0.0,5.977,0.303,0.398,684.99,1000.186,0.186,2.79,2.79,6.41,110.97,13.774,8.24,16.0
138,0.1,5.998,0.303,0.399,684.917,1000.186,0.186,2.88,2.88,6.66,111.03,13.774,8.17,16.0
139,0.2,5.862,0.303,0.397,685.073,1000.191,0.19,3.12,3.12,6.98,111.1,13.803,8.16,16.0
140,0.3,5.81,0.302,0.395,684.029,1000.192,0.191,3.57,3.57,6.91,111.09,13.829,8.17,16.0
141,0.4,5.645,0.304,0.395,688.291,1000.198,0.196,3.95,3.95,6.81,110.84,13.869,8.14,16.0
142,0.5,5.622,0.304,0.395,688.65,1000.2,0.197,4.46,4.46,6.8,110.56,13.847,8.16,16.0
143,0.6,5.622,0.303,0.394,687.62,1000.2,0.197,4.9,4.9,6.93,110.46,13.835,8.16,16.0
144,0.7,5.575,0.303,0.394,687.887,1000.201,0.198,5.36,5.36,7.15,110.36,13.835,8.16,16.0
145,0.8,5.543,0.303,0.393,687.571,1000.202,0.198,5.91,5.91,7.09,110.2,13.83,8.17,16.0
146,0.9,5.507,0.303,0.393,687.506,1000.204,0.199,6.09,6.09,7.12,110.1,13.832,8.15,16.0
147,1.0,5.461,0.302,0.392,686.907,1000.205,0.2,6.31,6.31,7.28,110.11,13.852,8.15,16.0
148,1.1,5.413,0.302,0.391,687.556,1000.207,0.201,6.76,6.76,7.53,110.04,13.861,8.17,16.0
149,1.2,5.367,0.302,0.39,686.231,1000.208,0.202,8.3,8.3,8.73,109.88,13.856,8.15,16.0
150,1.3,5.297,0.287,0.37,653.877,1000.198,0.191,13.4,13.4,33.31,109.43,13.828,8.15,16.0
151,0.0,5.88,0.303,0.397,685.901,1000.189,0.189,2.94,2.94,6.59,110.14,13.705,8.24,17.0
152,0.1,5.864,0.303,0.397,685.97,1000.19,0.19,3.22,3.22,6.88,109.91,13.682,8.14,17.0
153,0.2,5.855,0.303,0.397,686.512,1000.191,0.19,3.43,3.43,6.91,110.24,13.723,8.15,17.0
154,0.3,5.794,0.302,0.395,684.349,1000.193,0.191,4.02,4.02,6.98,110.22,13.731,8.14,17.0
155,0.4,5.717,0.302,0.394,685.11,1000.195,0.193,4.37,4.37,7.07,110.34,13.779,8.14,17.0
156,0.5,5.614,0.303,0.394,686.795,1000.199,0.197,5.11,5.11,7.12,109.85,13.765,8.14,17.0
157,0.6,5.582,0.303,0.394,687.49,1000.201,0.198,5.36,5.36,7.18,109.74,13.765,8.13,17.0
158,0.7,5.537,0.303,0.393,687.992,1000.202,0.199,6.17,6.17,9.36,109.64,13.767,8.15,17.0
159,0.8,5.534,0.303,0.394,688.339,1000.203,0.199,6.47,6.47,10.94,109.65,13.769,8.15,17.0
160,0.9,5.539,0.303,0.394,688.487,1000.203,0.199,7.01,7.01,12.1,109.64,13.763,8.15,17.0
161,1.0,5.537,0.303,0.393,687.831,1000.204,0.199,7.1,7.1,12.72,109.65,13.765,8.14,17.0
162,1.1,5.537,0.303,0.393,688.017,1000.204,0.199,7.1,7.1,12.78,109.66,13.767,8.15,17.0
163,1.2,5.532,0.303,0.394,688.466,1000.205,0.199,8.35,8.35,15.14,109.65,13.766,8.14,17.0
164,0.0,7.967,0.071,0.102,163.287,999.909,-0.091,8.73,8.73,18.62,142.15,16.947,8.23,18.0
165,0.1,8.067,0.044,0.063,100.934,999.882,-0.118,9.39,9.39,33.95,142.08,16.951,8.2,18.0
166,0.2,8.09,0.0,-0.01,-15.799,999.846,-0.155,8.98,8.98,29.33,141.93,16.935,8.19,18.0
167,0.3,8.069,0.0,-0.008,-12.103,999.848,-0.153,8.04,8.04,21.29,141.86,16.911,8.2,18.0
168,0.4,8.056,0.008,0.009,14.244,999.856,-0.146,7.16,7.16,14.79,141.17,16.78,8.18,18.0
169,0.5,8.05,0.0,-0.007,-10.907,999.85,-0.152,6.7,6.7,11.69,140.8,16.698,8.18,18.0
170,0.6,8.044,0.0,-0.01,-15.333,999.851,-0.152,6.2,6.2,9.88,140.78,16.659,8.17,18.0
171,0.7,7.957,0.01,0.012,18.551,999.865,-0.139,5.35,5.35,8.38,117.79,13.87,8.14,18.0
172,0.8,8.246,0.027,0.039,61.065,999.861,-0.143,5.63,5.63,8.49,121.08,14.254,8.14,18.0
173,0.9,8.207,0.0,-0.004,-7.011,999.842,-0.162,5.64,5.64,8.84,121.54,14.31,8.15,18.0
174,1.0,8.098,0.0,-0.004,-6.013,999.85,-0.155,5.55,5.55,8.42,124.14,14.613,8.14,18.0
175,1.1,8.133,0.036,0.052,82.211,999.877,-0.128,5.61,5.61,8.35,126.2,14.859,8.15,18.0
176,0.0,6.429,0.07,0.097,163.441,999.984,-0.016,5.86,5.86,6.9,137.82,16.93,8.23,19.0
177,0.1,6.155,0.071,0.097,165.68,999.995,-0.006,7.79,7.79,7.95,138.03,17.01,8.14,19.0
178,0.2,5.899,0.073,0.099,171.432,1000.005,0.004,23.83,23.83,226.42,137.04,17.075,8.14,19.0
179,0.0,4.754,0.038,0.051,92.084,1000.001,0.001,2.89,2.89,5.2,121.81,15.638,8.22,20.0
180,0.1,4.963,0.055,0.074,133.222,1000.012,0.012,4.81,4.81,6.31,120.58,15.391,8.15,20.0
181,0.2,5.273,0.067,0.09,158.558,1000.016,0.015,8.97,8.97,14.75,122.42,15.48,8.14,20.0
182,0.3,5.218,0.069,0.092,163.616,1000.02,0.018,9.09,9.09,11.17,122.91,15.571,8.14,20.0
183,0.4,5.229,0.065,0.087,154.061,1000.017,0.015,14.38,14.38,58.94,123.25,15.62,8.14,20.0
184,0.0,4.845,0.073,0.098,175.732,1000.028,0.028,6.91,6.91,7.64,134.49,17.204,8.22,21.0
185,0.1,4.847,0.074,0.099,177.649,1000.029,0.029,6.95,6.95,8.36,134.47,17.205,8.14,21.0
186,0.2,4.87,0.075,0.1,179.177,1000.03,0.029,7.38,7.38,8.32,134.8,17.244,8.14,21.0
187,0.3,4.926,0.075,0.101,180.132,1000.03,0.029,10.62,10.62,8.12,134.86,17.202,8.14,21.0
188,0.4,4.923,0.075,0.101,180.222,1000.031,0.029,11.92,11.92,8.95,135.0,17.232,8.15,21.0
189,0.5,4.915,0.075,0.1,179.575,1000.031,0.029,21.75,21.75,69.33,135.07,17.252,8.14,21.0
190,0.0,4.841,0.074,0.099,177.476,1000.029,0.029,5.53,5.53,6.66,133.39,17.039,8.22,22.0
191,0.1,5.109,0.073,0.097,173.226,1000.024,0.023,5.54,5.54,7.49,134.52,17.172,8.14,22.0
192,0.2,4.99,0.074,0.098,175.475,1000.027,0.026,6.21,6.21,8.59,134.5,17.148,8.14,22.0
193,0.3,4.797,0.074,0.099,178.152,1000.031,0.03,18.23,18.23,26.51,134.29,17.173,8.14,22.0
194,0.4,4.706,0.075,0.099,178.858,1000.033,0.031,23.15,23.15,34.36,133.88,17.195,8.14,22.0
195,0.5,4.677,0.075,0.099,179.203,1000.034,0.031,18.94,18.94,32.11,133.64,17.17,8.14,22.0
196,0.6,4.672,0.075,0.099,179.089,1000.034,0.031,23.29,23.29,34.63,133.59,17.17,8.14,22.0
197,0.7,4.664,0.075,0.099,179.217,1000.035,0.031,27.2,27.2,47.6,133.55,17.169,8.14,22.0
198,0.0,5.675,0.072,0.097,169.35,1000.01,0.01,6.36,6.36,9.25,136.68,17.122,8.22,23.0
199,0.1,5.672,0.071,0.097,168.906,1000.01,0.01,6.23,6.23,8.3,136.84,17.144,8.15,23.0
200,0.2,5.683,0.071,0.097,168.239,1000.01,0.009,6.61,6.61,8.66,136.7,17.126,8.13,23.0
201,0.3,5.656,0.071,0.097,168.417,1000.012,0.01,9.16,9.16,9.38,137.0,17.176,8.14,23.0
202,0.4,5.407,0.074,0.1,175.416,1000.02,0.018,12.35,12.35,9.55,137.18,17.328,8.13,23.0
203,0.5,5.121,0.075,0.101,178.806,1000.028,0.025,24.16,24.16,26.73,136.43,17.355,8.14,23.0
204,0.6,4.979,0.075,0.1,178.793,1000.03,0.027,38.32,38.32,83.28,135.39,17.282,8.14,23.0
205,0.7,4.967,0.074,0.099,176.566,1000.03,0.027,48.74,48.74,176.71,134.97,17.22,8.14,23.0
206,0.0,5.612,0.074,0.101,175.676,1000.014,0.014,4.88,4.88,7.07,136.58,17.154,8.21,24.0
207,0.1,5.617,0.003,0.002,3.368,999.957,-0.044,4.74,4.74,7.09,136.26,17.101,8.14,24.0
208,0.2,5.617,0.0,-0.007,-11.869,999.955,-0.046,4.83,4.83,7.19,136.31,17.099,8.17,24.0
209,0.3,5.624,0.041,0.056,98.425,999.988,-0.013,4.81,4.81,7.47,136.94,17.172,8.14,24.0
210,0.4,5.671,0.074,0.101,175.86,1000.014,0.012,11.76,11.76,8.87,138.88,17.389,8.14,24.0
211,0.5,5.465,0.074,0.1,175.01,1000.019,0.017,14.91,14.91,8.98,138.8,17.48,8.14,24.0
212,0.6,5.204,0.073,0.098,174.273,1000.025,0.022,18.51,18.51,12.13,138.12,17.477,8.13,24.0
213,0.0,5.795,0.075,0.103,177.82,1000.01,0.01,4.78,4.78,7.32,138.26,17.252,8.21,25.0
214,0.1,5.749,0.075,0.101,175.823,1000.011,0.01,6.21,6.21,9.25,138.77,17.38,8.13,25.0
215,0.2,5.627,0.075,0.101,176.102,1000.014,0.013,7.79,7.79,9.01,138.38,17.358,8.13,25.0
216,0.3,5.518,0.074,0.101,176.139,1000.018,0.016,10.11,10.11,9.45,138.37,17.394,8.12,25.0
217,0.4,5.48,0.074,0.1,175.238,1000.019,0.017,13.79,13.79,8.83,137.84,17.347,8.14,25.0
218,0.5,5.531,0.074,0.101,176.139,1000.018,0.016,40.28,40.28,98.88,137.8,17.347,8.12,25.0
219,0.0,5.824,0.076,0.103,178.31,1000.009,0.009,5.3,5.3,8.15,127.01,15.855,8.21,26.0
220,0.1,5.86,0.076,0.104,178.988,1000.009,0.008,6.47,6.47,9.47,136.34,17.0,8.12,26.0
221,0.2,5.875,0.076,0.103,178.463,1000.009,0.008,36.09,36.09,169.38,136.89,17.076,8.12,26.0
222,0.0,5.391,0.076,0.102,179.254,1000.02,0.02,5.59,5.59,7.92,137.07,17.305,8.21,27.0
223,0.1,5.335,0.075,0.102,179.126,1000.022,0.021,7.23,7.23,12.5,136.82,17.295,8.14,27.0
224,0.2,5.235,0.076,0.102,179.842,1000.024,0.023,19.9,19.9,63.63,136.9,17.331,8.13,27.0
225,0.3,5.195,0.076,0.101,179.557,1000.025,0.024,30.46,30.46,131.22,136.64,17.321,8.14,27.0
226,0.4,5.229,0.075,0.101,178.922,1000.025,0.023,30.66,30.66,124.52,136.55,17.303,8.13,27.0
227,0.5,5.217,0.075,0.101,179.32,1000.026,0.024,36.06,36.06,156.77,136.75,17.331,8.12,27.0
228,0.0,5.196,0.074,0.099,175.988,1000.023,0.023,14.28,14.28,44.96,137.15,17.388,8.21,28.0
229,0.1,5.183,0.074,0.099,175.497,1000.023,0.023,17.27,17.27,50.44,137.15,17.405,8.13,28.0
230,0.2,5.268,0.074,0.099,175.346,1000.022,0.021,16.67,16.67,46.73,137.18,17.39,8.13,28.0
231,0.3,5.222,0.074,0.099,175.414,1000.024,0.022,21.7,21.7,72.36,137.32,17.409,8.12,28.0
232,0.4,5.189,0.074,0.099,175.875,1000.025,0.023,27.39,27.39,83.38,137.35,17.439,8.14,28.0
233,0.5,5.21,0.074,0.099,175.087,1000.025,0.022,41.29,41.29,144.77,137.22,17.415,8.14,28.0
234,0.6,5.223,0.013,0.016,29.184,999.976,-0.027,46.28,46.28,-7.9,136.52,17.273,8.13,28.0
235,0.7,5.179,0.0,-0.012,-21.519,999.967,-0.036,6.65,6.65,54.23,136.69,17.309,8.12,28.0
236,0.8,5.118,0.031,0.042,75.027,999.994,-0.01,22.55,22.55,46.8,134.85,17.054,8.11,28.0
237,0.0,5.439,0.074,0.1,176.195,1000.018,0.018,5.51,5.51,7.91,137.39,17.321,8.21,29.0
238,0.1,5.186,0.074,0.099,176.1,1000.023,0.023,10.03,10.03,15.43,137.12,17.403,8.11,29.0
239,0.2,5.122,0.074,0.1,176.872,1000.025,0.024,22.61,22.61,49.37,136.88,17.415,8.11,29.0
240,0.3,4.94,0.075,0.1,178.663,1000.029,0.028,22.6,22.6,61.32,136.48,17.389,8.11,29.0
241,0.4,5.116,0.074,0.099,176.539,1000.026,0.024,22.47,22.47,64.16,136.71,17.382,8.13,29.0
242,0.5,5.145,0.074,0.099,176.665,1000.026,0.024,62.52,62.52,355.62,137.07,17.405,8.13,29.0
243,0.0,5.437,0.073,0.099,172.925,1000.017,0.017,6.34,6.34,8.5,137.5,17.356,8.22,30.0
244,0.1,5.349,0.074,0.099,174.919,1000.02,0.019,8.32,8.32,9.11,137.07,17.337,8.13,30.0
245,0.2,5.18,0.074,0.1,176.744,1000.024,0.023,11.91,11.91,10.45,136.78,17.343,8.13,30.0
246,0.3,5.053,0.075,0.101,179.46,1000.028,0.026,35.39,35.39,71.8,136.56,17.379,8.13,30.0
247,0.4,4.914,0.075,0.1,178.435,1000.03,0.028,55.83,55.83,136.78,136.46,17.456,8.12,30.0
248,0.5,4.905,0.074,0.099,177.163,1000.03,0.028,63.45,63.45,173.33,135.51,17.305,8.12,30.0
249,0.6,4.964,0.074,0.099,176.792,1000.03,0.027,48.88,48.88,137.6,136.18,17.358,8.13,30.0
250,0.0,5.059,0.073,0.097,173.364,1000.024,0.024,12.78,12.78,12.02,136.11,17.31,8.2,31.0
251,0.1,5.129,0.073,0.097,172.851,1000.023,0.023,14.81,14.81,15.07,136.6,17.322,8.12,31.0
252,0.2,5.085,0.073,0.098,174.232,1000.025,0.024,15.7,15.7,15.5,136.87,17.42,8.12,31.0
253,0.3,5.044,0.073,0.098,174.516,1000.026,0.025,17.8,17.8,16.21,136.38,17.35,8.13,31.0
254,0.4,5.036,0.073,0.098,174.487,1000.027,0.025,13.7,13.7,16.59,136.19,17.34,8.12,31.0
255,0.5,5.09,0.073,0.098,173.951,1000.026,0.024,30.98,30.98,62.84,136.06,17.292,8.12,31.0
256,0.6,5.033,0.074,0.099,176.72,1000.029,0.026,50.74,50.74,162.43,136.3,17.369,8.12,31.0
257,0.7,4.963,0.074,0.099,177.479,1000.031,0.027,48.64,48.64,170.33,136.09,17.37,8.12,31.0
258,0.0,5.237,0.073,0.098,172.973,1000.021,0.021,6.13,6.13,7.84,136.07,17.24,8.2,32.0
259,0.1,5.22,0.073,0.097,172.582,1000.022,0.021,9.21,9.21,10.38,136.28,17.269,8.12,32.0
260,0.2,5.053,0.074,0.099,175.753,1000.026,0.025,17.21,17.21,18.75,136.73,17.43,8.13,32.0
261,0.3,4.938,0.074,0.099,177.131,1000.029,0.027,28.09,28.09,50.9,135.67,17.326,8.12,32.0
262,0.4,4.913,0.074,0.099,177.979,1000.03,0.028,21.47,21.47,25.82,135.36,17.288,8.12,32.0
263,0.5,4.897,0.074,0.099,177.094,1000.03,0.028,68.61,68.61,44.86,135.16,17.241,8.11,32.0
264,0.6,4.953,0.074,0.099,176.46,1000.03,0.027,20.01,20.01,33.84,135.35,17.265,8.12,32.0
265,0.7,4.994,0.074,0.098,175.778,1000.03,0.026,26.11,26.11,47.0,135.63,17.299,8.12,32.0
266,0.8,4.92,0.074,0.099,176.791,1000.031,0.028,53.59,53.59,149.5,135.6,17.313,8.12,32.0
267,0.0,5.383,0.074,0.1,175.465,1000.019,0.019,8.42,8.42,12.14,135.37,17.1,8.21,33.0
268,0.1,5.242,0.074,0.1,176.119,1000.022,0.022,8.23,8.23,12.48,136.6,17.308,8.14,33.0
269,0.2,5.351,0.074,0.1,175.274,1000.02,0.019,10.99,10.99,14.71,136.12,17.178,8.12,33.0
270,0.3,5.228,0.074,0.099,175.779,1000.024,0.022,14.95,14.95,24.97,136.71,17.291,8.12,33.0
271,0.4,5.16,0.074,0.099,176.211,1000.025,0.023,14.22,14.22,25.76,136.48,17.323,8.12,33.0
272,0.5,5.163,0.074,0.099,175.859,1000.026,0.023,15.66,15.66,29.23,136.26,17.307,8.11,33.0
273,0.6,4.993,0.074,0.099,176.398,1000.029,0.026,28.27,28.27,69.48,136.36,17.4,8.12,33.0
274,0.7,4.899,0.074,0.099,176.751,1000.031,0.028,38.69,38.69,142.86,135.85,17.386,8.12,33.0
275,0.8,5.13,0.016,0.022,38.605,999.982,-0.022,24.67,24.67,75.33,151.74,19.289,8.12,33.0
276,0.0,5.369,0.074,0.1,175.857,1000.019,0.019,8.69,8.69,13.97,137.36,17.337,8.2,34.0
277,0.1,5.382,0.074,0.1,175.959,1000.02,0.019,8.74,8.74,8.66,137.38,17.325,8.12,34.0
278,0.2,5.358,0.074,0.1,176.119,1000.021,0.02,10.11,10.11,8.56,137.59,17.376,8.11,34.0
279,0.3,5.246,0.074,0.099,175.318,1000.023,0.022,13.73,13.73,8.77,137.63,17.439,8.11,34.0
280,0.4,5.106,0.074,0.099,175.726,1000.026,0.024,18.29,18.29,17.12,137.0,17.419,8.12,34.0
281,0.5,5.071,0.074,0.099,176.385,1000.028,0.025,20.0,20.0,32.99,136.71,17.382,8.11,34.0
282,0.6,5.074,0.074,0.099,176.511,1000.028,0.025,21.62,21.62,37.84,136.59,17.395,8.12,34.0
283,0.7,5.08,0.074,0.099,176.068,1000.028,0.025,21.28,21.28,47.92,136.64,17.401,8.11,34.0
284,0.8,5.297,0.0,-0.009,-15.762,999.965,-0.039,12.38,12.38,15.71,137.75,17.425,8.11,34.0
285,0.9,5.294,0.0,-0.007,-11.744,999.966,-0.039,11.83,11.83,15.43,137.9,17.444,8.11,34.0
286,0.0,5.506,0.075,0.101,176.657,1000.017,0.017,6.43,6.43,9.43,137.55,17.31,8.2,35.0
287,0.1,5.398,0.074,0.1,176.526,1000.019,0.019,7.45,7.45,8.88,137.38,17.337,8.11,35.0
288,0.2,5.383,0.074,0.1,175.624,1000.02,0.019,8.31,8.31,8.35,137.3,17.332,8.11,35.0
289,0.3,5.169,0.074,0.099,175.699,1000.025,0.023,11.16,11.16,9.77,137.34,17.448,8.12,35.0
290,0.4,5.088,0.074,0.099,176.051,1000.027,0.025,13.37,13.37,14.08,136.89,17.428,8.11,35.0
291,0.5,5.007,0.074,0.099,176.578,1000.029,0.026,36.7,36.7,161.18,136.4,17.364,8.12,35.0
292,0.6,5.102,0.074,0.099,175.243,1000.027,0.024,36.82,36.82,304.72,136.32,17.315,8.1,35.0
293,0.0,5.199,0.073,0.099,174.818,1000.022,0.022,7.14,7.14,7.18,136.46,17.306,8.18,36.0
294,0.1,5.191,0.073,0.099,174.609,1000.023,0.022,8.65,8.65,11.18,136.44,17.306,8.11,36.0
295,0.2,5.177,0.073,0.098,174.306,1000.023,0.023,14.15,14.15,19.72,136.71,17.364,8.11,36.0
296,0.3,4.932,0.074,0.099,176.457,1000.029,0.027,12.82,12.82,15.71,136.78,17.396,8.11,36.0
297,0.4,4.818,0.074,0.098,176.97,1000.031,0.029,23.06,23.06,45.69,136.54,17.507,8.12,36.0
298,0.5,4.732,0.074,0.098,177.313,1000.033,0.03,25.54,25.54,70.13,135.28,17.359,8.11,36.0
299,0.6,4.773,0.074,0.099,177.605,1000.033,0.03,25.41,25.41,78.22,135.48,17.377,8.11,36.0
300,0.7,4.734,0.0,-0.012,-20.919,999.974,-0.03,63.16,63.16,127.33,136.14,17.345,8.11,36.0
301,0.8,4.86,0.048,0.064,115.505,1000.011,0.007,27.47,27.47,54.36,136.06,17.33,8.11,36.0
302,0.9,5.009,0.017,0.022,39.984,999.984,-0.02,15.47,15.47,37.64,134.19,17.082,8.1,36.0
303,0.0,5.092,0.074,0.099,176.557,1000.025,0.025,11.51,11.51,25.92,135.94,17.279,8.18,37.0
304,0.1,5.183,0.074,0.099,176.32,1000.024,0.023,11.72,11.72,23.37,136.92,17.381,8.11,37.0
305,0.2,5.02,0.074,0.099,176.336,1000.027,0.026,18.59,18.59,46.1,136.11,17.323,8.12,37.0
306,0.3,4.941,0.074,0.099,176.869,1000.029,0.027,20.31,20.31,66.5,136.16,17.38,8.11,37.0
307,0.4,4.941,0.074,0.099,177.073,1000.029,0.027,25.56,25.56,96.97,136.29,17.399,8.08,37.0
308,0.5,4.902,0.074,0.099,176.761,1000.03,0.028,26.83,26.83,156.07,136.15,17.398,8.12,37.0
309,0.6,4.878,0.074,0.098,176.065,1000.031,0.028,27.67,27.67,113.8,135.67,17.349,8.08,37.0
310,0.0,5.449,0.076,0.102,179.497,1000.019,0.019,6.99,6.99,7.71,139.4,17.548,8.21,38.0
311,0.1,5.306,0.076,0.102,179.808,1000.022,0.022,7.21,7.21,8.22,139.22,17.574,8.12,38.0
312,0.2,5.154,0.075,0.101,179.095,1000.026,0.025,8.86,8.86,8.02,138.56,17.637,8.11,38.0
313,0.3,4.909,0.075,0.1,180.026,1000.03,0.029,11.22,11.22,9.42,137.74,17.584,8.12,38.0
314,0.4,4.869,0.075,0.1,180.061,1000.031,0.029,16.31,16.31,18.55,137.88,17.571,8.11,38.0
315,0.5,4.825,0.075,0.1,179.772,1000.032,0.03,31.91,31.91,167.36,137.57,17.598,8.11,38.0
316,0.0,4.961,0.076,0.101,180.881,1000.028,0.028,7.67,7.67,9.09,136.39,17.407,8.18,39.0
317,0.1,4.919,0.076,0.101,180.52,1000.029,0.029,9.27,9.27,11.2,136.19,17.408,8.12,39.0
318,0.2,4.924,0.076,0.101,180.381,1000.03,0.029,10.64,10.64,18.33,136.15,17.4,8.1,39.0
319,0.3,4.89,0.075,0.101,180.28,1000.031,0.029,10.61,10.61,13.87,136.07,17.388,8.11,39.0
320,0.4,4.76,0.075,0.1,179.771,1000.033,0.031,19.58,19.58,52.27,136.28,17.463,8.11,39.0
321,0.5,4.734,0.075,0.1,180.022,1000.033,0.031,29.05,29.05,145.15,135.85,17.424,8.11,39.0
322,0.0,4.761,0.075,0.099,178.908,1000.03,0.03,11.79,11.79,31.16,135.64,17.398,8.18,40.0
323,0.1,4.772,0.075,0.099,178.93,1000.031,0.03,14.94,14.94,39.93,135.68,17.394,8.1,40.0
324,0.2,4.711,0.075,0.099,179.025,1000.032,0.031,12.78,12.78,33.41,135.41,17.385,8.11,40.0
325,0.3,4.74,0.075,0.099,179.121,1000.032,0.031,14.11,14.11,32.22,135.27,17.345,8.11,40.0
326,0.4,4.718,0.075,0.099,178.746,1000.033,0.031,16.82,16.82,50.1,135.58,17.397,8.07,40.0
327,0.5,4.677,0.075,0.099,178.959,1000.034,0.031,19.21,19.21,63.21,135.33,17.394,8.1,40.0
328,0.6,4.641,0.11,0.143,259.868,1000.063,0.06,15.69,15.69,61.78,135.68,17.413,8.11,40.0
329,0.7,4.684,0.0,-0.011,-19.317,999.975,-0.029,13.52,13.52,38.32,135.5,17.401,8.11,40.0
330,0.8,4.697,0.0,-0.006,-10.216,999.975,-0.029,13.81,13.81,35.18,135.43,17.39,8.08,40.0
331,0.0,5.013,0.074,0.099,176.465,1000.026,0.026,9.05,9.05,10.86,136.13,17.34,8.18,41.0
332,0.1,5.04,0.074,0.099,176.806,1000.026,0.026,8.18,8.18,9.69,136.02,17.318,8.1,41.0
333,0.2,5.004,0.074,0.099,177.119,1000.027,0.026,9.51,9.51,8.7,135.95,17.317,8.11,41.0
334,0.3,4.923,0.074,0.099,177.704,1000.029,0.028,11.24,11.24,9.9,136.04,17.385,8.11,41.0
335,0.4,4.985,0.074,0.099,177.024,1000.029,0.027,12.78,12.78,9.49,135.67,17.297,8.11,41.0
336,0.5,4.987,0.074,0.099,177.248,1000.029,0.027,19.28,19.28,13.81,135.86,17.331,8.11,41.0
337,0.6,4.764,0.075,0.099,178.778,1000.033,0.03,39.18,39.18,196.59,136.05,17.469,8.11,41.0
338,0.7,4.719,0.075,0.099,179.603,1000.034,0.031,36.46,36.46,192.18,135.43,17.391,8.11,41.0
339,0.0,4.884,0.075,0.1,179.22,1000.029,0.029,7.95,7.95,11.73,135.83,17.363,8.18,42.0
340,0.1,4.834,0.075,0.1,180.434,1000.03,0.03,7.07,7.07,7.49,135.68,17.358,8.1,42.0
341,0.2,4.843,0.075,0.1,180.042,1000.031,0.03,9.2,9.2,8.38,135.72,17.367,8.1,42.0
342,0.3,4.824,0.075,0.1,179.974,1000.031,0.03,13.57,13.57,9.14,135.77,17.383,8.09,42.0
343,0.4,4.813,0.075,0.1,179.75,1000.032,0.03,17.37,17.37,18.33,135.59,17.366,8.1,42.0
344,0.0,4.638,0.075,0.1,180.565,1000.032,0.032,10.72,10.72,28.3,134.8,17.341,8.18,43.0
345,0.1,4.606,0.003,0.003,5.692,999.975,-0.026,7.08,7.08,7.12,135.44,17.433,8.11,43.0
346,0.2,4.598,0.006,0.008,14.484,999.978,-0.023,7.19,7.19,7.07,135.23,17.409,8.09,43.0
347,0.3,4.572,0.0,-0.009,-15.662,999.974,-0.028,7.25,7.25,7.26,135.56,17.454,8.1,43.0
348,0.4,4.42,0.034,0.045,83.14,1000.003,0.001,6.69,6.69,7.59,134.48,17.426,8.1,43.0
349,0.0,4.404,0.075,0.099,180.405,1000.034,0.034,12.61,12.61,34.47,133.75,17.312,8.18,44.0
350,0.1,4.451,0.075,0.099,180.477,1000.034,0.034,14.48,14.48,57.45,133.78,17.294,8.1,44.0
351,0.2,4.451,0.075,0.099,180.207,1000.035,0.034,16.18,16.18,76.9,133.96,17.321,8.11,44.0
352,0.0,4.463,0.076,0.1,181.628,1000.034,0.034,7.28,7.28,7.57,134.08,17.331,8.18,45.0
353,0.1,4.464,0.075,0.099,181.169,1000.034,0.034,8.99,8.99,8.69,134.77,17.414,8.1,45.0
354,0.2,4.471,0.075,0.099,181.321,1000.035,0.034,13.97,13.97,35.11,134.87,17.428,8.1,45.0
355,0.3,4.484,0.075,0.1,181.371,1000.035,0.034,12.68,12.68,32.79,134.85,17.419,8.1,45.0
356,0.0,4.195,0.075,0.098,181.384,1000.035,0.035,7.04,7.04,7.29,133.44,17.363,8.18,46.0
357,0.1,4.212,0.075,0.098,181.435,1000.036,0.035,9.85,9.85,8.49,132.99,17.284,8.1,46.0
358,0.2,4.237,0.075,0.099,181.617,1000.036,0.035,11.03,11.03,7.8,133.41,17.334,8.09,46.0
359,0.3,4.27,0.075,0.099,181.451,1000.036,0.035,14.58,14.58,8.56,133.33,17.321,8.1,46.0
360,0.4,4.262,0.075,0.099,181.538,1000.037,0.035,19.4,19.4,9.56,133.35,17.32,8.09,46.0
361,0.5,4.269,0.075,0.099,181.35,1000.037,0.035,19.96,19.96,12.51,133.5,17.339,8.09,46.0
362,0.6,4.222,0.075,0.098,180.645,1000.038,0.035,28.34,28.34,108.76,133.51,17.355,8.1,46.0
363,0.0,4.028,0.075,0.097,180.901,1000.035,0.035,9.63,9.63,8.35,132.57,17.327,8.18,47.0
364,0.1,4.029,0.075,0.098,181.049,1000.036,0.035,10.36,10.36,8.16,132.52,17.323,8.1,47.0
365,0.2,4.028,0.075,0.097,180.989,1000.036,0.035,9.93,9.93,7.99,132.54,17.328,8.1,47.0
366,0.3,4.019,0.075,0.097,180.909,1000.037,0.035,14.07,14.07,13.05,132.42,17.311,8.09,47.0
367,0.4,4.013,0.075,0.098,181.519,1000.037,0.035,27.06,27.06,37.02,132.47,17.319,8.09,47.0
368,0.5,4.007,0.075,0.097,181.141,1000.038,0.035,21.61,21.61,19.11,132.61,17.339,8.07,47.0
369,0.6,4.004,0.075,0.097,181.131,1000.038,0.035,21.76,21.76,11.22,132.63,17.344,8.1,47.0
370,0.7,4.007,0.075,0.098,181.185,1000.039,0.035,33.95,33.95,58.19,132.34,17.305,8.09,47.0
371,0.8,4.033,0.075,0.098,181.02,1000.039,0.035,334.66,334.66,921.96,132.63,17.32,8.1,47.0
372,0.9,4.006,0.003,0.003,5.088,999.982,-0.023,10.7,10.7,14.34,140.61,18.385,8.1,47.0
373,0.0,3.967,0.075,0.097,181.129,1000.035,0.035,8.78,8.78,7.02,132.3,17.312,8.18,48.0
374,0.1,3.94,0.075,0.097,181.123,1000.036,0.035,11.29,11.29,7.63,132.06,17.31,8.1,48.0
375,0.2,3.926,0.075,0.097,181.225,1000.036,0.035,12.88,12.88,7.61,132.17,17.325,8.11,48.0
376,0.3,3.936,0.075,0.097,181.189,1000.037,0.035,21.98,21.98,10.96,132.36,17.345,8.1,48.0
377,0.4,3.934,0.075,0.097,181.267,1000.037,0.035,22.88,22.88,11.48,132.43,17.355,8.12,48.0
378,0.5,3.93,0.075,0.097,181.366,1000.038,0.035,24.59,24.59,16.88,132.5,17.367,8.1,48.0
379,0.6,3.933,0.075,0.097,181.52,1000.038,0.035,26.32,26.32,28.15,132.19,17.323,8.08,48.0
380,0.7,3.936,0.075,0.097,181.467,1000.039,0.035,27.92,27.92,41.18,132.4,17.348,8.1,48.0
381,0.8,3.94,0.075,0.097,181.223,1000.039,0.035,42.2,42.2,114.58,132.24,17.321,8.09,48.0
382,0.0,3.921,0.075,0.097,181.083,1000.035,0.035,6.52,6.52,6.88,131.95,17.296,8.17,49.0
383,0.1,3.919,0.074,0.097,180.825,1000.036,0.035,6.86,6.86,7.32,132.21,17.332,8.12,49.0
384,0.2,3.923,0.075,0.097,181.107,1000.036,0.035,9.54,9.54,7.59,132.07,17.314,8.11,49.0
385,0.3,3.891,0.074,0.097,180.857,1000.037,0.035,12.44,12.44,8.26,132.04,17.311,8.11,49.0
386,0.4,3.879,0.075,0.097,181.044,1000.037,0.035,15.38,15.38,8.02,131.97,17.313,8.11,49.0
387,0.5,3.886,0.075,0.097,181.915,1000.038,0.035,21.3,21.3,9.98,132.03,17.323,8.09,49.0
388,0.6,3.945,0.075,0.098,182.348,1000.039,0.036,24.69,24.69,15.36,132.02,17.288,8.09,49.0
389,0.7,3.967,0.076,0.099,184.412,1000.04,0.036,34.25,34.25,47.73,132.32,17.324,8.07,49.0
390,0.8,3.996,0.076,0.099,183.663,1000.04,0.036,35.33,35.33,43.14,132.2,17.304,8.1,49.0
391,0.9,3.902,0.08,0.104,193.647,1000.044,0.04,9.42,9.42,21.56,134.42,17.619,8.09,49.0
392,0.0,4.174,0.076,0.099,182.555,1000.036,0.036,7.29,7.29,11.15,125.04,16.283,8.17,50.0
393,0.0,4.917,0.094,0.124,222.612,1000.043,0.043,38.31,38.31,279.33,136.8,17.472,8.2,51.0
394,0.1,4.903,0.245,0.315,565.2,1000.166,0.165,39.19,39.19,250.15,136.45,17.411,8.18,51.0
395,0.2,4.885,0.006,0.007,11.672,999.974,-0.027,39.52,39.52,244.39,136.83,17.485,8.16,51.0
396,0.3,4.9,0.0,-0.01,-18.12,999.97,-0.032,35.44,35.44,193.39,137.07,17.518,8.16,51.0
397,0.4,4.912,0.0,-0.012,-20.974,999.97,-0.032,31.05,31.05,156.79,136.94,17.504,8.16,51.0
398,0.5,4.91,0.0,-0.01,-17.403,999.971,-0.032,29.23,29.23,136.54,136.77,17.484,8.16,51.0
399,0.6,4.896,0.0,-0.009,-16.033,999.971,-0.032,25.8,25.8,104.56,136.98,17.511,8.17,51.0
400,0.7,4.885,0.0,-0.009,-16.966,999.972,-0.032,19.88,19.88,70.3,137.1,17.531,8.14,51.0
401,0.0,4.046,0.075,0.098,182.425,1000.036,0.036,6.65,6.65,8.88,127.43,16.657,8.17,52.0
402,0.1,4.025,0.034,0.045,83.538,1000.003,0.002,6.53,6.53,7.43,129.38,16.929,8.12,52.0
403,0.2,4.024,0.0,-0.001,-1.176,999.976,-0.025,6.49,6.49,7.59,129.87,16.995,8.1,52.0
404,0.3,4.027,0.0,-0.003,-6.253,999.976,-0.025,6.66,6.66,7.84,130.05,17.015,8.1,52.0
405,0.4,4.031,0.003,0.003,5.536,999.979,-0.023,19.55,19.55,15.73,129.62,16.956,8.08,52.0
406,0.5,4.014,19.665,19.267,35792.312,1015.613,15.61,9.63,9.63,221.87,129.85,14.912,8.11,52.0
407,0.0,3.942,0.075,0.098,182.476,1000.036,0.036,6.28,6.28,7.5,132.41,17.344,8.17,53.0
408,0.1,4.001,0.075,0.098,181.668,1000.036,0.036,7.5,7.5,8.45,132.47,17.334,8.09,53.0
409,0.2,3.898,0.075,0.097,181.399,1000.036,0.035,12.85,12.85,11.17,132.67,17.404,8.09,53.0
410,0.3,3.796,0.075,0.098,183.266,1000.037,0.036,28.64,28.64,60.55,132.61,17.442,8.1,53.0
411,0.4,3.839,0.075,0.097,182.371,1000.037,0.035,40.62,40.62,166.37,132.19,17.354,8.09,53.0
412,0.5,3.828,0.075,0.098,182.85,1000.038,0.036,45.46,45.46,244.59,132.27,17.361,8.1,53.0
413,0.0,3.945,0.075,0.097,181.403,1000.035,0.035,6.57,6.57,7.22,132.19,17.314,8.18,54.0
414,0.1,3.954,0.075,0.097,181.505,1000.036,0.035,6.95,6.95,7.98,132.13,17.305,8.1,54.0
415,0.2,3.941,0.075,0.097,181.291,1000.036,0.035,8.71,8.71,9.22,132.19,17.318,8.1,54.0
416,0.3,3.892,0.075,0.097,181.584,1000.037,0.035,12.6,12.6,8.95,132.18,17.343,8.1,54.0
417,0.4,3.9,0.075,0.097,181.528,1000.037,0.035,14.5,14.5,8.92,131.84,17.291,8.07,54.0
418,0.5,3.932,0.075,0.098,181.99,1000.038,0.036,18.4,18.4,8.43,131.96,17.301,8.11,54.0
419,0.6,3.919,0.075,0.097,181.529,1000.038,0.035,18.8,18.8,8.5,132.02,17.313,8.08,54.0
420,0.7,3.898,0.074,0.097,180.846,1000.039,0.035,23.83,23.83,8.94,131.98,17.323,8.09,54.0
421,0.8,3.823,0.075,0.097,181.701,1000.039,0.035,32.33,32.33,22.67,131.86,17.337,8.09,54.0
422,0.0,4.038,0.075,0.098,181.061,1000.035,0.035,6.61,6.61,7.91,132.4,17.31,8.17,55.0
423,0.1,4.019,0.075,0.097,180.893,1000.036,0.035,7.14,7.14,8.05,132.45,17.318,8.1,55.0
424,0.2,4.028,0.075,0.098,181.064,1000.036,0.035,8.65,8.65,7.7,132.42,17.313,8.1,55.0
425,0.3,4.011,0.074,0.097,180.488,1000.037,0.035,11.46,11.46,7.98,132.56,17.344,8.09,55.0
426,0.4,3.976,0.075,0.098,181.484,1000.037,0.035,14.55,14.55,8.26,132.37,17.331,8.07,55.0
427,0.5,3.933,0.075,0.097,180.991,1000.038,0.035,17.62,17.62,7.73,132.39,17.342,8.09,55.0
428,0.6,3.951,0.075,0.097,181.075,1000.038,0.035,19.74,19.74,7.95,132.22,17.315,8.09,55.0
429,0.7,3.964,0.075,0.097,180.975,1000.039,0.035,22.43,22.43,8.63,132.4,17.337,8.09,55.0
430,0.8,3.903,0.075,0.097,181.429,1000.039,0.035,26.03,26.03,9.21,132.41,17.35,8.07,55.0
431,0.9,3.908,0.075,0.097,181.403,1000.04,0.035,31.14,31.14,20.36,132.3,17.343,8.08,55.0
432,0.0,4.203,0.075,0.098,180.64,1000.035,0.035,8.78,8.78,7.0,133.77,17.409,8.16,56.0
433,0.1,4.238,0.075,0.098,180.111,1000.035,0.035,15.37,15.37,9.08,134.0,17.421,8.08,56.0
434,0.2,4.226,0.075,0.098,180.167,1000.036,0.035,17.06,17.06,8.42,134.0,17.43,8.07,56.0
435,0.3,4.21,0.075,0.098,180.483,1000.036,0.035,18.05,18.05,7.92,133.93,17.419,8.09,56.0
436,0.4,4.223,0.075,0.098,180.463,1000.037,0.035,19.71,19.71,10.25,133.86,17.417,8.08,56.0
437,0.5,4.226,0.075,0.098,180.233,1000.037,0.035,23.3,23.3,26.52,133.88,17.414,8.08,56.0
438,0.6,4.156,0.075,0.098,180.773,1000.038,0.035,95.42,95.42,471.11,133.91,17.444,8.08,56.0
439,0.7,4.209,1.161,1.371,2526.658,1000.91,0.907,6.82,6.82,4.56,134.52,17.322,8.09,56.0
440,0.0,4.323,0.075,0.098,180.279,1000.034,0.034,8.68,8.68,6.95,134.32,17.429,8.17,57.0
441,0.1,4.314,0.075,0.098,180.141,1000.035,0.034,9.71,9.71,8.11,134.39,17.437,8.1,57.0
442,0.2,4.306,0.075,0.098,180.372,1000.035,0.034,9.93,9.93,8.32,134.3,17.427,8.09,57.0
443,0.3,4.309,0.075,0.098,180.039,1000.036,0.034,10.89,10.89,9.08,134.43,17.449,8.1,57.0
444,0.4,4.297,0.075,0.098,180.471,1000.037,0.035,13.67,13.67,13.5,134.35,17.437,8.07,57.0
445,0.5,4.236,0.074,0.097,179.42,1000.037,0.034,19.71,19.71,22.2,134.32,17.445,8.07,57.0
446,0.6,4.205,0.075,0.098,180.601,1000.038,0.035,22.43,22.43,36.57,134.09,17.44,8.07,57.0
447,0.7,4.216,0.075,0.098,179.961,1000.038,0.035,30.46,30.46,87.4,134.2,17.453,8.08,57.0
448,0.8,4.204,0.074,0.097,179.337,1000.038,0.034,37.95,37.95,101.28,134.31,17.493,8.07,57.0
449,0.9,4.265,0.012,0.016,30.167,999.989,-0.016,9.14,9.14,9.28,135.44,17.583,8.08,57.0
450,0.0,4.466,0.075,0.099,180.611,1000.034,0.034,7.24,7.24,7.98,135.63,17.525,8.17,58.0
451,0.1,4.385,0.075,0.099,180.487,1000.035,0.034,18.62,18.62,28.48,135.2,17.503,8.08,58.0
452,0.2,4.386,0.075,0.099,180.79,1000.035,0.034,13.58,13.58,16.51,135.18,17.499,8.07,58.0
453,0.3,4.406,0.075,0.099,180.575,1000.035,0.034,17.46,17.46,18.35,135.45,17.522,8.08,58.0
454,0.4,4.407,0.075,0.099,180.708,1000.036,0.034,15.84,15.84,16.53,135.36,17.518,8.08,58.0
455,0.5,4.391,0.075,0.099,180.452,1000.037,0.034,26.12,26.12,62.72,135.35,17.528,8.09,58.0
456,0.6,4.371,0.075,0.098,180.272,1000.037,0.034,29.98,29.98,67.07,135.31,17.536,8.08,58.0
457,0.7,4.341,0.074,0.098,179.531,1000.037,0.034,33.56,33.56,97.48,135.05,17.516,8.08,58.0
458,0.8,4.317,0.075,0.098,179.686,1000.038,0.034,31.11,31.11,77.62,135.09,17.531,8.08,58.0
459,0.9,4.302,0.074,0.098,179.397,1000.039,0.034,40.67,40.67,137.66,135.01,17.529,8.07,58.0
460,0.0,4.554,0.075,0.099,180.613,1000.033,0.033,8.44,8.44,7.64,136.08,17.552,8.16,59.0
461,0.1,4.504,0.075,0.099,180.698,1000.034,0.033,10.77,10.77,9.16,136.22,17.589,8.08,59.0
462,0.2,4.482,0.075,0.099,180.601,1000.035,0.034,14.62,14.62,9.18,136.17,17.593,8.08,59.0
463,0.3,4.472,0.075,0.099,180.647,1000.035,0.034,17.98,17.98,8.6,136.09,17.587,8.08,59.0
464,0.4,4.482,0.075,0.099,180.508,1000.035,0.033,20.56,20.56,8.7,136.09,17.593,8.09,59.0
465,0.5,4.475,0.075,0.099,180.448,1000.036,0.034,21.57,21.57,8.64,136.1,17.602,8.08,59.0
466,0.6,4.444,0.075,0.099,180.542,1000.037,0.034,22.91,22.91,9.84,135.91,17.584,8.08,59.0
467,0.7,4.434,0.075,0.099,180.072,1000.037,0.034,23.67,23.67,8.78,135.96,17.585,8.07,59.0
468,0.8,4.335,0.075,0.098,180.547,1000.038,0.034,23.96,23.96,8.84,135.94,17.629,8.08,59.0
469,0.9,4.291,0.075,0.098,180.081,1000.039,0.034,25.01,25.01,9.47,135.68,17.614,8.09,59.0
470,1.0,4.53,0.027,0.036,65.891,999.999,-0.006,10.06,10.06,7.71,136.06,17.57,8.08,59.0
471,0.0,4.532,0.075,0.099,180.277,1000.033,0.033,7.04,7.04,7.63,136.28,17.583,8.17,60.0
472,0.1,4.528,0.075,0.099,180.579,1000.034,0.033,7.59,7.59,8.39,136.21,17.576,8.08,60.0
473,0.2,4.529,0.075,0.099,180.064,1000.034,0.033,7.7,7.7,9.07,136.28,17.585,8.08,60.0
474,0.3,4.527,0.075,0.099,179.88,1000.034,0.033,11.29,11.29,9.62,136.17,17.57,8.09,60.0
475,0.4,4.513,0.075,0.099,180.59,1000.035,0.033,12.64,12.64,8.88,136.18,17.573,8.07,60.0
476,0.5,4.512,0.075,0.099,180.599,1000.036,0.033,14.61,14.61,9.18,136.24,17.585,8.08,60.0
477,0.6,4.489,0.075,0.098,179.321,1000.036,0.033,19.37,19.37,9.93,136.31,17.613,8.07,60.0
478,0.7,4.394,0.074,0.098,178.919,1000.037,0.034,22.74,22.74,9.18,136.32,17.667,8.08,60.0
479,0.8,4.279,0.074,0.098,179.572,1000.038,0.034,23.78,23.78,9.04,135.87,17.657,8.08,60.0
480,0.9,4.168,0.074,0.097,179.906,1000.039,0.035,24.93,24.93,8.91,135.53,17.658,8.08,60.0
481,1.0,4.113,0.074,0.097,179.755,1000.04,0.035,25.58,25.58,8.9,135.42,17.665,8.08,60.0
482,1.1,4.061,0.074,0.097,179.856,1000.04,0.035,26.44,26.44,9.19,135.31,17.673,8.08,60.0
483,1.2,4.009,0.074,0.097,179.309,1000.041,0.035,70.47,70.47,276.76,134.8,17.622,8.08,60.0
484,1.3,4.16,0.074,0.097,179.935,1000.041,0.035,85.08,85.08,327.8,135.62,17.661,8.09,60.0
485,0.0,4.4,0.075,0.099,180.309,1000.034,0.034,9.49,9.49,7.26,135.53,17.547,8.16,61.0
486,0.1,4.386,0.075,0.098,180.099,1000.034,0.034,9.08,9.08,9.25,135.58,17.558,8.07,61.0
487,0.2,4.385,0.075,0.099,180.499,1000.035,0.034,12.37,12.37,9.11,135.57,17.56,8.08,61.0
488,0.3,4.341,0.075,0.098,179.713,1000.036,0.034,18.22,18.22,10.5,135.77,17.61,8.08,61.0
489,0.4,4.307,0.075,0.098,180.13,1000.036,0.034,21.86,21.86,12.98,135.59,17.608,8.07,61.0
490,0.5,4.246,0.074,0.097,179.215,1000.037,0.034,25.37,25.37,24.83,135.46,17.63,8.07,61.0
491,0.6,4.158,0.074,0.097,179.94,1000.038,0.035,23.95,23.95,13.12,135.34,17.636,8.08,61.0
492,0.7,4.131,0.075,0.098,180.286,1000.038,0.035,25.79,25.79,24.39,135.04,17.618,8.07,61.0
493,0.0,4.381,0.075,0.099,180.421,1000.034,0.034,8.36,8.36,7.47,135.77,17.583,8.15,62.0
494,0.1,4.376,0.075,0.098,180.046,1000.034,0.034,10.35,10.35,8.4,135.7,17.579,8.1,62.0
495,0.2,4.382,0.075,0.099,180.343,1000.035,0.034,12.49,12.49,7.91,135.46,17.544,8.08,62.0
496,0.3,4.365,0.075,0.098,180.019,1000.036,0.034,14.9,14.9,8.52,135.42,17.55,8.07,62.0
497,0.4,4.359,0.075,0.098,180.018,1000.036,0.034,17.11,17.11,8.56,135.43,17.547,8.09,62.0
498,0.5,4.31,0.074,0.098,179.424,1000.037,0.034,22.21,22.21,8.63,135.42,17.555,8.08,62.0
499,0.6,4.276,0.075,0.098,179.805,1000.037,0.034,23.24,23.24,9.02,135.77,17.626,8.09,62.0
500,0.7,4.251,0.075,0.098,180.068,1000.038,0.035,23.87,23.87,9.22,135.17,17.569,8.07,62.0
501,0.8,4.201,0.074,0.098,179.94,1000.039,0.035,34.0,34.0,31.0,135.11,17.587,8.08,62.0
502,0.9,4.186,0.073,0.095,175.683,1000.038,0.033,114.9,114.9,688.69,135.49,17.643,8.07,62.0
503,0.0,4.34,0.075,0.098,179.787,1000.034,0.034,8.77,8.77,7.07,134.71,17.466,8.17,63.0
504,0.1,4.341,0.075,0.098,179.771,1000.035,0.034,9.93,9.93,8.88,134.59,17.453,8.08,63.0
505,0.2,4.337,0.075,0.098,179.774,1000.035,0.034,14.3,14.3,8.98,134.72,17.47,8.07,63.0
506,0.3,4.325,0.075,0.098,180.132,1000.036,0.034,16.07,16.07,8.5,134.58,17.455,8.08,63.0
507,0.4,4.32,0.075,0.098,179.852,1000.036,0.034,18.35,18.35,19.05,134.49,17.443,8.08,63.0
508,0.5,4.323,0.074,0.098,179.288,1000.036,0.034,26.25,26.25,48.11,134.53,17.451,8.07,63.0
509,0.6,4.313,0.074,0.098,179.016,1000.037,0.034,34.46,34.46,99.67,134.59,17.464,8.07,63.0
510,0.7,4.309,0.074,0.097,178.949,1000.037,0.034,33.31,33.31,100.16,134.71,17.483,8.07,63.0
511,0.0,4.423,0.075,0.098,179.459,1000.034,0.034,11.95,11.95,12.82,133.98,17.338,8.15,64.0
512,0.1,4.385,0.075,0.098,179.767,1000.034,0.034,19.67,19.67,17.09,134.24,17.389,8.07,64.0
513,0.2,4.377,0.075,0.098,179.548,1000.035,0.034,17.05,17.05,20.92,133.78,17.333,8.07,64.0
514,0.3,4.376,0.075,0.098,179.932,1000.035,0.034,20.84,20.84,28.23,134.09,17.37,8.08,64.0
515,0.4,4.367,0.074,0.098,179.276,1000.036,0.034,21.8,21.8,28.73,134.01,17.365,8.08,64.0
516,0.5,4.368,0.075,0.098,179.687,1000.036,0.034,26.81,26.81,31.19,133.92,17.352,8.07,64.0
517,0.6,4.348,0.074,0.098,179.419,1000.037,0.034,27.66,27.66,34.47,134.23,17.392,8.08,64.0
518,0.7,4.337,0.074,0.098,179.292,1000.037,0.034,32.17,32.17,58.38,133.72,17.342,8.07,64.0
519,0.0,4.356,0.074,0.098,179.421,1000.034,0.034,12.53,12.53,17.5,134.3,17.407,8.17,65.0
520,0.1,4.384,0.075,0.098,180.016,1000.034,0.034,11.18,11.18,8.61,134.26,17.387,8.07,65.0
521,0.2,4.391,0.075,0.098,180.174,1000.035,0.034,13.45,13.45,8.98,134.38,17.401,8.06,65.0
522,0.3,4.386,0.075,0.098,179.796,1000.035,0.034,18.49,18.49,9.19,134.19,17.379,8.06,65.0
523,0.4,4.369,0.075,0.098,179.85,1000.036,0.034,21.45,21.45,10.17,134.25,17.392,8.08,65.0
524,0.5,4.349,0.075,0.098,179.779,1000.037,0.034,23.5,23.5,10.04,134.2,17.409,8.07,65.0
525,0.6,4.284,0.074,0.097,179.053,1000.037,0.034,34.96,34.96,60.39,134.31,17.442,8.07,65.0
526,0.7,4.297,0.074,0.097,178.935,1000.037,0.034,39.17,39.17,115.32,133.99,17.399,8.07,65.0
527,0.0,4.681,0.075,0.1,180.361,1000.032,0.032,10.91,10.91,7.84,135.98,17.483,8.15,66.0
528,0.1,4.674,0.075,0.1,180.407,1000.032,0.032,14.28,14.28,9.36,136.24,17.513,8.07,66.0
529,0.2,4.674,0.075,0.1,180.139,1000.033,0.032,14.46,14.46,11.7,136.08,17.494,8.07,66.0
530,0.3,4.663,0.075,0.1,180.495,1000.033,0.032,12.88,12.88,10.87,136.33,17.526,8.06,66.0
531,0.4,4.667,0.075,0.099,180.018,1000.034,0.032,13.14,13.14,11.21,136.44,17.539,8.07,66.0
532,0.5,4.666,0.075,0.099,179.953,1000.034,0.032,13.61,13.61,13.19,136.45,17.541,8.08,66.0
533,0.6,4.667,0.075,0.1,180.324,1000.035,0.032,17.22,17.22,13.25,136.31,17.524,8.05,66.0
534,0.7,4.656,0.075,0.1,180.372,1000.035,0.032,20.07,20.07,10.28,136.27,17.521,8.07,66.0
535,0.8,4.644,0.075,0.099,179.88,1000.036,0.032,20.95,20.95,9.66,136.22,17.522,8.05,66.0
536,0.9,4.622,0.075,0.099,179.933,1000.037,0.032,26.18,26.18,15.98,136.18,17.521,8.07,66.0
537,0.0,4.683,0.075,0.1,180.556,1000.032,0.032,9.06,9.06,8.5,136.56,17.551,8.16,67.0
538,0.1,4.682,0.075,0.1,180.457,1000.032,0.032,9.88,9.88,8.25,136.39,17.53,8.08,67.0
539,0.2,4.692,0.075,0.1,180.79,1000.033,0.032,13.08,13.08,8.21,136.45,17.532,8.07,67.0
540,0.3,4.689,0.075,0.1,180.714,1000.033,0.032,14.03,14.03,9.67,136.58,17.549,8.07,67.0
541,0.4,4.68,0.075,0.1,180.195,1000.034,0.032,19.91,19.91,9.71,136.63,17.559,8.07,67.0
542,0.5,4.669,0.075,0.1,180.381,1000.034,0.032,21.03,21.03,9.25,136.66,17.564,8.07,67.0
543,0.6,4.671,0.075,0.1,180.29,1000.035,0.032,20.33,20.33,8.77,136.61,17.557,8.07,67.0
544,0.7,4.675,0.075,0.1,180.402,1000.035,0.032,21.4,21.4,9.15,136.56,17.559,8.06,67.0
545,0.8,4.646,0.075,0.1,180.303,1000.036,0.032,24.01,24.01,9.57,136.73,17.6,8.07,67.0
546,0.9,4.596,0.075,0.1,180.835,1000.037,0.033,25.19,25.19,10.42,136.62,17.607,8.07,67.0
547,1.0,4.563,0.075,0.1,181.013,1000.038,0.033,27.15,27.15,12.52,136.19,17.562,8.06,67.0
548,1.1,4.524,0.077,0.101,184.568,1000.04,0.035,181.35,181.35,822.32,136.44,17.606,8.08,67.0
549,0.0,4.64,0.075,0.1,180.754,1000.032,0.032,10.91,10.91,8.56,136.45,17.555,8.16,68.0
550,0.1,4.642,0.075,0.1,180.712,1000.033,0.032,8.91,8.91,8.16,136.25,17.529,8.05,68.0
551,0.2,4.633,0.075,0.1,180.809,1000.033,0.032,10.31,10.31,10.25,136.38,17.547,8.06,68.0
552,0.3,4.635,0.075,0.1,180.621,1000.034,0.032,16.06,16.06,9.21,136.44,17.556,8.07,68.0
553,0.4,4.632,0.075,0.1,180.614,1000.034,0.032,21.17,21.17,9.55,136.43,17.56,8.07,68.0
554,0.5,4.605,0.075,0.1,180.907,1000.035,0.033,21.12,21.12,10.01,136.45,17.571,8.07,68.0
555,0.6,4.61,0.075,0.099,180.425,1000.035,0.032,23.87,23.87,9.6,136.26,17.548,8.07,68.0
556,0.7,4.535,0.075,0.099,180.63,1000.037,0.033,24.75,24.75,8.94,136.48,17.612,8.09,68.0
557,0.8,4.454,0.075,0.099,181.151,1000.038,0.034,25.96,25.96,10.04,136.12,17.569,8.07,68.0
558,0.9,4.469,0.075,0.099,181.044,1000.038,0.034,32.16,32.16,19.38,136.37,17.609,8.06,68.0
559,1.0,4.567,0.109,0.142,258.431,1000.065,0.06,13.56,13.56,5.69,136.93,17.624,8.06,68.0
560,0.0,4.315,0.075,0.099,181.299,1000.035,0.035,12.78,12.78,7.52,134.64,17.458,8.15,69.0
561,0.1,4.293,0.075,0.098,180.611,1000.035,0.035,11.59,11.59,8.07,134.61,17.472,8.07,69.0
562,0.2,4.277,0.075,0.099,181.286,1000.036,0.035,20.97,20.97,9.09,134.7,17.499,8.06,69.0
563,0.3,4.309,0.075,0.099,180.935,1000.036,0.035,19.42,19.42,12.84,134.57,17.466,8.08,69.0
564,0.4,4.32,0.075,0.099,180.997,1000.037,0.035,20.14,20.14,10.89,134.69,17.476,8.07,69.0
565,0.5,4.313,0.075,0.098,180.56,1000.037,0.034,21.84,21.84,8.94,134.65,17.468,8.08,69.0
566,0.6,4.291,0.075,0.098,180.127,1000.037,0.034,22.11,22.11,8.71,134.77,17.497,8.08,69.0
567,0.7,4.268,0.075,0.098,180.744,1000.038,0.035,21.81,21.81,8.87,134.58,17.483,8.08,69.0
568,0.8,4.243,0.075,0.098,180.792,1000.039,0.035,29.11,29.11,20.33,134.58,17.488,8.05,69.0
569,0.9,4.241,0.075,0.098,181.09,1000.039,0.035,30.46,30.46,23.99,134.6,17.492,8.07,69.0
570,1.0,4.239,0.075,0.098,180.583,1000.04,0.035,71.03,71.03,186.72,134.54,17.483,8.08,69.0
571,1.1,4.275,0.075,0.098,180.409,1000.04,0.035,38.37,38.37,210.4,135.67,17.622,8.08,69.0
572,0.0,4.033,0.075,0.098,180.989,1000.035,0.035,7.79,7.79,6.86,133.18,17.4,8.15,70.0
573,0.1,4.044,0.075,0.098,181.091,1000.036,0.035,9.29,9.29,8.02,132.8,17.351,8.08,70.0
574,0.2,4.05,0.075,0.098,181.114,1000.036,0.035,13.39,13.39,8.26,132.92,17.365,8.05,70.0
575,0.3,4.055,0.075,0.098,181.247,1000.037,0.035,15.6,15.6,7.78,132.9,17.361,8.08,70.0
576,0.4,4.059,0.075,0.098,181.001,1000.037,0.035,15.56,15.56,7.9,132.74,17.337,8.07,70.0
577,0.5,4.062,0.075,0.098,181.056,1000.038,0.035,18.09,18.09,8.71,132.95,17.364,8.07,70.0
578,0.6,4.063,0.075,0.098,180.876,1000.038,0.035,21.3,21.3,7.88,132.98,17.367,8.05,70.0
579,0.7,4.069,0.075,0.097,180.695,1000.039,0.035,22.54,22.54,8.6,132.84,17.344,8.08,70.0
580,0.8,4.06,0.075,0.098,180.861,1000.039,0.035,23.45,23.45,8.6,132.9,17.361,8.04,70.0
581,0.9,4.054,0.075,0.098,181.36,1000.04,0.035,23.57,23.57,11.58,132.94,17.374,8.07,70.0
582,1.0,4.038,0.075,0.098,180.954,1000.04,0.035,86.56,86.56,307.08,132.92,17.36,8.07,70.0
583,1.1,4.038,0.049,0.065,119.716,1000.02,0.014,8.57,8.57,7.47,133.01,17.382,8.05,70.0
584,0.0,3.985,0.075,0.097,180.792,1000.035,0.035,10.35,10.35,7.08,132.59,17.351,8.15,71.0
585,0.1,3.99,0.075,0.097,181.273,1000.036,0.035,9.99,9.99,7.99,132.54,17.343,8.06,71.0
586,0.2,3.992,0.075,0.097,181.086,1000.036,0.035,11.45,11.45,8.08,132.47,17.334,8.06,71.0
587,0.3,3.989,0.075,0.097,181.036,1000.037,0.035,13.67,13.67,9.4,132.58,17.35,8.07,71.0
588,0.4,3.989,0.075,0.097,180.934,1000.037,0.035,18.63,18.63,8.3,132.54,17.343,8.07,71.0
589,0.5,3.976,0.075,0.097,180.92,1000.038,0.035,22.21,22.21,8.71,132.62,17.363,8.06,71.0
590,0.6,3.961,0.075,0.097,180.973,1000.038,0.035,23.94,23.94,9.07,132.72,17.387,8.07,71.0
591,0.7,3.949,0.075,0.097,180.987,1000.039,0.035,25.79,25.79,8.56,132.43,17.348,8.06,71.0
592,0.8,3.942,0.075,0.097,181.278,1000.039,0.035,25.49,25.49,9.38,132.42,17.357,8.07,71.0
593,0.9,3.929,0.075,0.097,181.434,1000.04,0.035,45.22,45.22,35.31,132.43,17.36,8.07,71.0
594,0.0,3.925,0.075,0.097,181.518,1000.035,0.035,12.71,12.71,7.8,132.77,17.404,8.17,72.0
595,0.1,3.915,0.075,0.097,181.647,1000.036,0.035,14.8,14.8,7.76,132.69,17.397,8.12,72.0
596,0.2,3.907,0.075,0.098,182.31,1000.037,0.036,18.01,18.01,8.08,132.72,17.409,8.07,72.0
597,0.3,3.901,0.075,0.098,182.573,1000.037,0.036,21.01,21.01,8.15,132.74,17.41,8.07,72.0
598,0.4,3.908,0.075,0.098,181.994,1000.038,0.036,28.15,28.15,36.09,132.88,17.428,8.07,72.0
599,0.5,3.897,0.075,0.098,182.667,1000.038,0.036,33.47,33.47,47.57,132.64,17.398,8.05,72.0
600,0.6,3.875,0.075,0.098,183.028,1000.039,0.036,26.61,26.61,16.34,132.87,17.44,8.07,72.0
601,0.7,3.865,0.076,0.098,183.501,1000.039,0.036,44.61,44.61,77.46,132.73,17.424,8.07,72.0
602,0.0,3.798,41.206,37.486,70255.7,1032.755,32.755,-0.02,-0.02,0.0,97.29,9.598,8.15,73.0
603,0.1,4.752,0.075,0.1,180.29,1000.031,0.031,12.2,12.2,7.49,129.55,16.626,8.06,73.0
604,0.2,4.758,0.075,0.1,179.837,1000.032,0.031,14.21,14.21,7.12,131.64,16.889,8.07,73.0
605,0.3,4.722,0.075,0.1,180.036,1000.033,0.031,18.77,18.77,11.38,133.4,17.138,8.07,73.0
606,0.4,4.59,0.075,0.099,180.396,1000.035,0.033,54.99,54.99,840.12,135.16,17.493,8.07,73.0
